t_s(real),loupe_bottom_beyond_bar_bottom_pt,loupe_height_est_pt(72+2*(ext-5.37)),loupe_width_at_bar_bottom+1.5pt,loupe_centre_x_pt,bright_left_at_bar_centre_row_pt,bright_right_at_bar_centre_row_pt
0.000,,,0,nan,24.0000,378.0000
1.448,,,0,nan,24.0000,378.0000
1.765,,,0,nan,24.0000,378.0000
1.785,,,0,nan,21.6667,380.6667
1.805,1.70,64.7,16.0000,101.3333,19.3333,383.0000
1.824,2.37,66.0,35.0000,120.1667,18.6667,384.3333
1.844,2.37,66.0,38.3333,141.1667,18.0000,385.3333
1.865,1.70,64.7,26.3333,178.5000,17.0000,387.0000
1.884,1.37,64.0,0,nan,17.0000,387.6667
1.904,1.37,64.0,0,nan,17.0000,387.6667
1.924,1.37,64.0,0,nan,17.0000,388.0000
1.943,1.37,64.0,0,nan,17.0000,388.3333
1.963,1.03,63.3,0,nan,17.6667,388.3333
1.984,1.03,63.3,0,nan,19.0000,386.0000
2.003,,,0,nan,20.0000,384.6667
2.023,,,0,nan,21.0000,383.0000
2.043,,,0,nan,22.0000,381.6667
2.062,,,0,nan,23.3333,379.3333
2.082,,,0,nan,23.6667,378.6667
2.103,,,0,nan,24.3333,378.0000
2.122,,,0,nan,24.3333,377.3333
2.142,,,0,nan,24.6667,377.3333
2.162,,,0,nan,24.6667,377.0000
2.181,,,0,nan,24.6667,377.0000
2.201,,,0,nan,24.3333,377.3333
2.222,,,0,nan,24.3333,377.3333
2.241,,,0,nan,24.3333,377.6667
2.261,,,0,nan,24.3333,377.6667
2.281,,,0,nan,24.0000,377.6667
2.300,,,0,nan,24.0000,378.0000
2.320,,,0,nan,24.0000,378.0000
2.341,,,0,nan,24.0000,378.0000
2.380,,,0,nan,24.0000,378.0000
2.400,,,0,nan,24.0000,378.0000
2.419,,,0,nan,24.0000,378.0000
2.439,,,0,nan,24.0000,378.0000
2.460,,,0,nan,24.0000,378.0000
2.479,,,0,nan,24.0000,378.0000
2.499,,,0,nan,24.0000,378.0000
2.519,,,0,nan,24.0000,378.0000
2.538,,,0,nan,24.0000,378.0000
2.558,,,0,nan,24.0000,378.0000
2.578,,,0,nan,24.0000,378.0000
2.598,,,0,nan,24.0000,378.0000
2.618,,,0,nan,24.0000,378.0000
2.638,,,0,nan,24.0000,378.0000
2.657,,,0,nan,24.0000,378.0000
2.677,,,0,nan,24.0000,378.0000
2.697,,,0,nan,24.0000,378.0000
2.717,,,0,nan,24.0000,378.0000
2.737,,,0,nan,24.0000,378.0000
2.757,,,0,nan,24.0000,378.0000
2.776,,,0,nan,24.0000,378.0000
2.796,,,0,nan,24.0000,378.0000
2.816,,,0,nan,24.0000,378.0000
2.836,,,0,nan,24.0000,378.0000
2.856,,,0,nan,24.0000,378.0000
2.876,,,0,nan,24.0000,378.0000
2.895,,,0,nan,24.0000,378.0000
2.915,,,0,nan,24.0000,378.0000
2.935,,,0,nan,24.0000,378.0000
2.954,,,0,nan,24.0000,378.0000
2.975,,,0,nan,24.0000,378.0000
2.995,,,0,nan,24.0000,378.0000
3.014,,,0,nan,24.0000,378.0000
3.034,,,0,nan,24.0000,378.0000
3.054,,,0,nan,24.0000,378.0000
3.073,,,0,nan,24.0000,378.0000
3.094,,,0,nan,24.0000,378.0000
3.114,,,0,nan,24.0000,378.0000
3.133,,,0,nan,24.0000,378.0000
3.153,,,0,nan,24.0000,378.0000
3.173,,,0,nan,24.0000,378.0000
3.192,,,0,nan,24.0000,378.0000
3.213,,,0,nan,24.0000,378.0000
3.233,,,0,nan,24.0000,378.0000
3.252,,,0,nan,24.0000,378.0000
3.272,,,0,nan,24.0000,378.0000
3.292,,,0,nan,24.0000,378.0000
4.839,,,0,nan,24.0000,378.0000
4.858,,,0,nan,23.6667,378.3333
4.879,,,0,nan,21.6667,380.3333
4.899,,,0,nan,20.6667,381.3333
4.918,1.03,63.3,0,nan,19.3333,382.6667
4.938,1.03,63.3,0,nan,17.6667,384.3333
4.958,1.37,64.0,0,nan,17.0000,385.0000
4.977,1.37,64.0,0,nan,16.6667,385.3333
4.998,1.37,64.0,0,nan,14.0000,385.6667
5.018,1.37,64.0,0,nan,20.3333,386.0000
5.037,1.37,64.0,0,nan,12.6667,386.0000
5.057,1.37,64.0,0,nan,20.3333,386.0000
5.077,1.37,64.0,0,nan,16.0000,385.6667
5.096,1.37,64.0,0,nan,16.3333,385.6667
5.117,1.37,64.0,0,nan,16.6667,385.6667
5.137,3.37,68.0,47.6667,69.5000,16.6667,385.6667
5.156,4.70,70.7,53.0000,69.8333,16.6667,385.3333
5.176,5.70,72.7,56.0000,70.0000,16.6667,385.6667
5.196,7.03,75.3,57.6667,70.5000,16.6667,385.6667
5.215,8.70,78.7,59.3333,71.6667,16.6667,385.6667
5.236,9.37,80.0,60.0000,72.6667,16.6667,385.6667
5.256,10.03,81.3,60.3333,74.1667,16.6667,385.6667
5.275,10.03,81.3,60.6667,75.6667,16.6667,385.6667
5.295,10.03,81.3,61.0000,77.5000,16.6667,385.6667
5.315,10.03,81.3,61.3333,79.3333,17.0000,385.6667
5.334,9.37,80.0,61.3333,82.6667,17.0000,385.6667
5.354,8.70,78.7,61.0000,84.1667,17.0000,385.6667
5.375,8.37,78.0,60.6667,85.3333,17.0000,385.6667
5.394,7.70,76.7,60.3333,86.8333,17.0000,385.6667
5.414,7.37,76.0,59.6667,88.1667,17.0000,385.6667
5.434,6.37,74.0,59.0000,91.1667,17.0000,385.6667
5.453,6.03,73.3,58.3333,92.5000,17.0000,385.6667
5.473,6.03,73.3,57.6667,93.8333,17.0000,385.6667
5.494,5.70,72.7,57.3333,95.0000,17.0000,386.0000
5.513,5.70,72.7,57.0000,96.5000,17.0000,386.0000
5.533,5.37,72.0,56.6667,98.0000,17.0000,386.0000
5.553,5.37,72.0,56.6667,99.6667,17.0000,386.0000
5.572,5.37,72.0,56.3333,102.8333,17.0000,386.0000
5.592,5.37,72.0,56.0000,104.0000,17.0000,386.0000
5.613,5.03,71.3,56.3333,105.5000,17.0000,386.0000
5.632,5.03,71.3,56.0000,107.0000,17.0000,386.0000
5.652,5.03,71.3,56.0000,108.3333,17.0000,386.0000
5.672,5.03,71.3,56.3333,111.1667,17.0000,386.0000
5.691,5.03,71.3,56.0000,112.6667,17.0000,386.0000
5.711,5.03,71.3,56.3333,113.8333,17.0000,386.0000
5.732,5.37,72.0,56.3333,114.8333,17.0000,386.0000
5.751,5.37,72.0,56.0000,116.0000,17.0000,386.0000
5.771,5.37,72.0,56.6667,118.6667,17.0000,386.0000
5.791,5.37,72.0,56.3333,120.1667,17.0000,386.3333
5.810,5.37,72.0,56.6667,121.6667,17.0000,386.3333
5.830,5.37,72.0,56.6667,123.0000,17.0000,386.3333
5.851,5.37,72.0,56.6667,124.3333,17.0000,386.3333
5.870,5.37,72.0,56.6667,126.6667,17.0000,386.3333
5.890,5.37,72.0,56.6667,128.0000,17.0000,386.3333
5.910,5.37,72.0,57.0000,129.1667,17.0000,386.3333
5.929,5.37,72.0,57.0000,130.5000,17.0000,386.3333
5.949,5.37,72.0,57.0000,132.1667,17.0000,386.3333
5.970,5.37,72.0,56.6667,133.6667,17.0000,386.3333
5.989,5.37,72.0,56.6667,136.6667,17.0000,386.3333
6.009,5.37,72.0,57.0000,138.1667,17.0000,386.3333
6.029,5.37,72.0,56.6667,139.3333,17.0000,386.3333
6.048,5.37,72.0,56.6667,140.3333,17.0000,386.3333
6.068,5.37,72.0,56.6667,141.6667,17.3333,386.6667
6.089,5.37,72.0,56.6667,144.6667,17.3333,386.6667
6.108,5.37,72.0,56.6667,146.0000,17.3333,386.6667
6.128,5.37,72.0,56.3333,147.1667,17.3333,386.6667
6.148,5.37,72.0,56.3333,148.5000,17.3333,386.6667
6.167,5.37,72.0,56.6667,150.0000,17.3333,386.6667
6.187,5.37,72.0,56.3333,152.8333,17.3333,386.6667
6.208,5.37,72.0,56.6667,154.3333,17.3333,386.6667
6.227,5.37,72.0,56.6667,155.6667,17.3333,386.6667
6.247,5.37,72.0,56.6667,157.0000,17.3333,386.6667
6.267,5.37,72.0,56.3333,158.5000,17.3333,386.6667
6.286,5.37,72.0,56.6667,161.3333,17.3333,386.6667
6.306,5.37,72.0,56.3333,162.8333,17.3333,386.6667
6.327,5.37,72.0,56.6667,164.3333,17.3333,387.0000
6.346,5.37,72.0,56.3333,165.5000,17.3333,387.0000
6.366,5.37,72.0,56.3333,166.8333,17.3333,387.0000
6.386,5.37,72.0,56.3333,168.1667,17.3333,387.0000
6.405,5.37,72.0,56.3333,170.5000,17.3333,387.0000
6.425,5.37,72.0,56.3333,171.8333,17.3333,387.0000
6.446,5.37,72.0,56.3333,173.5000,17.3333,387.0000
6.465,5.37,72.0,56.3333,175.1667,17.3333,387.0000
6.485,5.37,72.0,56.6667,176.6667,17.3333,387.0000
6.505,5.37,72.0,56.3333,179.8333,17.3333,387.0000
6.524,5.37,72.0,56.3333,181.1667,17.3333,387.0000
6.544,5.37,72.0,56.3333,182.5000,17.3333,387.0000
6.565,5.37,72.0,56.6667,183.6667,17.3333,387.0000
6.584,5.37,72.0,56.6667,185.0000,17.3333,387.0000
6.604,5.37,72.0,56.0000,187.3333,17.3333,387.3333
6.624,5.37,72.0,56.3333,188.8333,17.3333,387.3333
6.643,5.37,72.0,56.3333,190.1667,17.3333,387.3333
6.663,5.37,72.0,56.6667,191.6667,17.3333,387.3333
6.684,5.37,72.0,56.3333,193.1667,17.3333,387.3333
6.703,5.37,72.0,56.3333,194.5000,17.3333,387.3333
6.723,5.37,72.0,56.3333,197.5000,17.3333,387.3333
6.743,5.37,72.0,56.6667,199.0000,17.3333,387.3333
6.762,5.37,72.0,56.3333,200.1667,17.3333,387.3333
6.782,5.37,72.0,56.3333,201.1667,17.6667,387.3333
6.803,5.37,72.0,56.3333,202.5000,17.6667,387.3333
6.822,5.37,72.0,56.3333,204.8333,17.6667,387.3333
6.842,5.37,72.0,56.3333,206.1667,17.6667,387.3333
6.862,5.37,72.0,56.3333,207.5000,17.6667,387.3333
6.881,5.37,72.0,56.6667,208.6667,17.6667,387.6667
6.901,5.37,72.0,56.6667,210.3333,17.6667,387.6667
6.922,5.37,72.0,56.6667,213.0000,17.6667,387.6667
6.941,5.37,72.0,56.6667,214.3333,17.6667,387.6667
6.961,5.37,72.0,56.6667,215.6667,17.6667,387.6667
6.981,5.37,72.0,56.6667,217.0000,17.6667,387.6667
7.000,5.37,72.0,56.3333,218.1667,17.6667,387.6667
7.020,5.37,72.0,56.3333,220.5000,17.6667,387.6667
7.041,5.37,72.0,56.3333,221.8333,17.6667,387.6667
7.060,5.37,72.0,56.3333,223.1667,17.6667,387.6667
7.080,5.37,72.0,56.3333,224.8333,17.6667,387.6667
7.100,5.37,72.0,56.3333,226.1667,17.6667,387.6667
7.119,5.37,72.0,56.6667,227.3333,17.6667,387.6667
7.139,5.37,72.0,56.3333,229.5000,17.6667,387.6667
7.160,5.37,72.0,56.3333,230.8333,17.6667,388.0000
7.179,5.37,72.0,56.3333,231.8333,17.6667,388.0000
7.199,5.37,72.0,56.3333,233.5000,17.6667,388.0000
7.219,5.37,72.0,56.3333,234.5000,17.6667,388.0000
7.238,5.37,72.0,56.3333,235.8333,17.6667,388.0000
7.258,5.37,72.0,56.3333,238.1667,17.6667,388.0000
7.279,5.37,72.0,56.3333,239.1667,17.6667,388.0000
7.298,5.37,72.0,56.6667,240.3333,17.6667,388.0000
7.318,5.37,72.0,56.3333,241.8333,17.6667,388.0000
7.338,5.37,72.0,56.6667,244.3333,17.6667,388.0000
7.357,5.37,72.0,56.3333,245.5000,17.6667,388.0000
7.377,5.37,72.0,56.3333,246.8333,17.6667,388.0000
7.398,5.37,72.0,56.6667,248.0000,17.6667,388.0000
7.417,5.37,72.0,56.6667,249.0000,17.6667,388.0000
7.437,5.37,72.0,56.3333,250.1667,17.6667,388.0000
7.457,5.37,72.0,56.6667,252.3333,17.6667,388.0000
7.476,5.37,72.0,56.3333,253.5000,17.6667,388.3333
7.496,5.37,72.0,56.3333,254.5000,17.6667,388.3333
7.517,5.37,72.0,56.3333,254.5000,17.6667,388.3333
7.536,5.37,72.0,56.3333,256.8333,17.6667,388.3333
7.556,5.37,72.0,56.6667,258.6667,17.6667,388.3333
7.576,5.37,72.0,56.3333,259.8333,17.6667,388.3333
7.595,5.37,72.0,56.6667,261.0000,18.0000,388.3333
7.615,5.37,72.0,56.3333,261.8333,18.0000,388.3333
7.636,5.37,72.0,56.6667,263.0000,18.0000,388.3333
7.655,5.37,72.0,56.6667,263.6667,18.0000,388.3333
7.675,5.37,72.0,56.6667,265.3333,18.0000,388.3333
7.695,5.37,72.0,56.6667,265.3333,18.0000,388.3333
7.714,5.37,72.0,56.6667,267.3333,18.0000,388.3333
7.734,5.37,72.0,56.6667,268.3333,18.0000,388.3333
7.755,5.37,72.0,57.0000,269.1667,18.0000,388.3333
7.774,5.37,72.0,56.6667,270.0000,18.0000,388.3333
7.794,5.37,72.0,57.0000,271.5000,18.0000,388.3333
7.814,5.37,72.0,57.0000,272.1667,18.0000,388.3333
7.833,5.37,72.0,57.0000,272.8333,18.0000,388.3333
7.853,5.37,72.0,57.0000,273.5000,18.0000,388.3333
7.873,4.70,70.7,53.6667,273.8333,18.0000,388.0000
7.893,3.37,68.0,46.6667,273.6667,18.6667,387.0000
7.913,2.03,65.3,32.6667,273.3333,19.3333,385.6667
7.933,,,0,nan,21.3333,382.6667
7.952,,,0,nan,22.0000,381.3333
7.972,,,0,nan,22.6667,380.3333
7.992,,,0,nan,23.6667,378.3333
8.012,,,0,nan,23.6667,378.3333
8.032,,,0,nan,24.0000,377.6667
8.052,,,0,nan,24.3333,377.3333
8.071,,,0,nan,24.6667,377.0000
8.091,,,0,nan,24.6667,377.0000
8.111,,,0,nan,24.3333,377.3333
8.131,,,0,nan,24.3333,377.3333
8.151,,,0,nan,24.3333,377.6667
8.171,,,0,nan,24.0000,377.6667
8.190,,,0,nan,24.0000,377.6667
8.210,,,0,nan,24.0000,378.0000
8.230,,,0,nan,24.0000,378.0000
8.249,,,0,nan,24.0000,378.0000
8.270,,,0,nan,24.0000,378.0000
8.290,,,0,nan,24.0000,378.0000
8.309,,,0,nan,24.0000,378.0000
8.329,,,0,nan,24.0000,378.0000
8.349,,,0,nan,24.0000,378.0000
8.368,,,0,nan,24.0000,378.0000
8.389,,,0,nan,24.0000,378.0000
8.409,,,0,nan,24.0000,378.0000
8.428,,,0,nan,24.0000,378.0000
8.448,,,0,nan,24.0000,378.0000
8.468,,,0,nan,24.0000,378.0000
8.487,,,0,nan,24.0000,378.0000
8.508,,,0,nan,24.0000,378.0000
8.528,,,0,nan,24.0000,378.0000
8.547,,,0,nan,24.0000,378.0000
8.567,,,0,nan,24.0000,378.0000
8.587,,,0,nan,24.0000,378.0000
8.606,,,0,nan,24.0000,378.0000
8.627,,,0,nan,24.0000,378.0000
8.647,,,0,nan,24.0000,378.0000
8.666,,,0,nan,24.0000,378.0000
8.686,,,0,nan,24.0000,378.0000
8.706,,,0,nan,24.0000,378.0000
8.725,,,0,nan,24.0000,378.0000
8.746,,,0,nan,24.0000,378.0000
8.766,,,0,nan,24.0000,378.0000
8.785,,,0,nan,24.0000,378.0000
8.805,,,0,nan,24.0000,378.0000
8.825,,,0,nan,24.0000,378.0000
8.844,,,0,nan,24.0000,378.0000
8.865,,,0,nan,24.0000,378.0000
8.885,,,0,nan,24.0000,378.0000
8.904,,,0,nan,24.0000,378.0000
8.924,,,0,nan,24.0000,378.0000
8.944,,,0,nan,24.0000,378.0000
8.963,,,0,nan,24.0000,378.0000
8.984,,,0,nan,24.0000,378.0000
9.004,,,0,nan,24.0000,378.0000
9.023,,,0,nan,24.0000,378.0000
9.043,,,0,nan,24.0000,378.0000
9.063,,,0,nan,24.0000,378.0000
9.082,,,0,nan,24.0000,378.0000
9.103,,,0,nan,24.0000,378.0000
9.123,,,0,nan,24.0000,378.0000
9.142,,,0,nan,24.0000,378.0000
9.162,,,0,nan,24.0000,378.0000
9.182,,,0,nan,24.0000,378.0000
9.201,,,0,nan,24.0000,378.0000
9.222,,,0,nan,24.0000,378.0000
9.242,,,0,nan,24.0000,378.0000
9.261,,,0,nan,24.0000,378.0000
9.281,,,0,nan,24.0000,378.0000
9.301,,,0,nan,24.0000,378.0000
10.887,,,0,nan,22.6667,379.3333
10.908,,,0,nan,21.6667,380.3333
10.927,,,0,nan,20.6667,381.6667
10.947,,,0,nan,19.3333,382.6667
10.967,1.03,63.3,0,nan,18.3333,383.6667
10.986,1.03,63.3,0,nan,17.6667,384.3333
11.006,1.37,64.0,0,nan,17.0000,385.0000
11.027,1.37,64.0,0,nan,16.3333,386.0000
11.046,1.37,64.0,0,nan,16.3333,381.3333
11.066,1.37,64.0,0,nan,16.0000,381.6667
11.086,1.37,64.0,0,nan,16.3333,382.0000
11.105,1.37,64.0,0,nan,16.3333,382.3333
11.125,1.37,64.0,0,nan,16.3333,382.0000
11.146,1.70,64.7,26.6667,345.3333,16.6667,382.0000
11.165,2.37,66.0,37.6667,345.5000,16.6667,382.0000
11.185,2.70,66.7,44.3333,345.5000,16.6667,382.0000
11.205,3.37,68.0,49.0000,345.5000,16.6667,381.6667
11.224,4.03,69.3,52.6667,345.6667,16.6667,381.6667
11.244,5.37,72.0,57.0000,345.8333,16.6667,381.6667
11.265,6.03,73.3,58.3333,346.1667,16.6667,381.6667
11.284,6.37,74.0,59.0000,346.1667,16.6667,381.6667
11.304,6.70,74.7,3.0000,317.8333,16.6667,381.6667
11.324,7.03,75.3,60.3333,346.1667,16.6667,381.6667
11.343,7.37,76.0,3.0000,317.1667,16.6667,381.6667
11.363,7.37,76.0,61.0000,345.8333,16.6667,381.6667
11.384,7.37,76.0,3.0000,316.8333,16.6667,381.6667
11.403,7.37,76.0,60.6667,345.6667,16.6667,381.6667
11.423,7.37,76.0,3.0000,316.8333,16.6667,381.6667
11.443,7.03,75.3,60.3333,345.1667,16.6667,381.3333
11.462,7.03,75.3,60.0000,345.0000,16.6667,381.3333
11.482,7.03,75.3,60.0000,345.0000,16.6667,381.3333
11.503,6.70,74.7,59.6667,344.8333,16.6667,381.3333
11.522,6.70,74.7,59.3333,344.6667,16.6667,381.3333
11.542,6.37,74.0,58.6667,344.3333,16.6667,381.3333
11.562,6.03,73.3,58.6667,344.3333,16.6667,381.3333
11.581,6.03,73.3,58.0000,344.3333,16.6667,381.3333
11.601,6.03,73.3,57.6667,344.1667,16.6667,381.3333
11.622,5.70,72.7,57.6667,344.1667,16.6667,381.3333
11.641,5.70,72.7,57.3333,344.0000,16.6667,381.3333
11.661,5.70,72.7,57.3333,344.0000,16.6667,381.3333
11.681,5.70,72.7,57.0000,343.8333,16.6667,381.3333
11.700,5.70,72.7,57.0000,343.8333,16.6667,381.3333
11.720,5.37,72.0,57.0000,343.8333,16.6667,381.3333
11.741,5.37,72.0,57.0000,343.8333,16.6667,381.3333
11.760,5.37,72.0,57.0000,343.8333,16.6667,381.3333
11.780,5.37,72.0,57.0000,343.8333,16.6667,381.3333
11.800,5.37,72.0,57.0000,343.8333,16.6667,381.3333
11.819,5.37,72.0,57.0000,343.8333,16.6667,381.3333
11.839,5.37,72.0,56.6667,343.6667,16.6667,381.3333
11.860,5.37,72.0,56.6667,343.6667,16.6667,381.3333
11.879,5.37,72.0,56.6667,343.6667,16.6667,381.3333
11.899,5.37,72.0,56.6667,343.6667,16.6667,381.3333
11.919,5.37,72.0,56.6667,343.6667,16.6667,381.3333
11.938,5.37,72.0,56.6667,343.6667,16.6667,381.3333
11.958,5.37,72.0,56.3333,343.8333,16.6667,381.3333
11.979,5.37,72.0,56.3333,343.8333,16.6667,381.3333
11.998,5.37,72.0,56.6667,343.6667,16.6667,381.3333
12.018,5.37,72.0,56.3333,343.8333,16.6667,381.3333
12.038,5.37,72.0,56.3333,343.8333,16.6667,381.3333
12.057,5.37,72.0,56.3333,343.8333,16.6667,381.3333
12.077,5.37,72.0,56.3333,343.8333,16.6667,381.3333
12.098,5.37,72.0,56.3333,343.8333,16.6667,381.3333
12.117,5.37,72.0,56.3333,343.8333,16.6667,381.3333
12.137,5.37,72.0,56.3333,343.8333,16.6667,381.3333
12.157,5.37,72.0,56.3333,343.8333,16.6667,381.3333
12.176,5.37,72.0,56.3333,343.8333,16.6667,381.3333
12.196,5.37,72.0,56.3333,343.8333,16.6667,381.3333
12.217,5.37,72.0,56.3333,343.8333,16.6667,381.3333
12.236,5.37,72.0,56.3333,343.8333,16.6667,381.3333
12.256,5.37,72.0,56.3333,343.8333,16.6667,381.3333
12.276,5.37,72.0,56.3333,343.8333,16.6667,381.3333
12.295,5.37,72.0,56.3333,343.8333,16.6667,381.3333
12.315,5.37,72.0,56.3333,343.8333,16.6667,381.3333
12.336,5.37,72.0,56.3333,343.8333,16.6667,381.3333
12.355,5.37,72.0,56.3333,343.8333,16.6667,381.3333
12.375,5.37,72.0,56.3333,343.8333,16.6667,381.3333
12.395,5.37,72.0,56.3333,343.8333,16.6667,381.3333
12.613,5.37,72.0,56.3333,343.8333,16.6667,381.3333
12.633,,,0,nan,24.6667,377.3333
12.652,,,0,nan,24.6667,377.3333
12.672,,,0,nan,24.6667,377.3333
12.693,,,0,nan,24.3333,377.6667
12.712,,,0,nan,24.3333,377.6667
12.732,,,0,nan,24.3333,377.6667
12.752,,,0,nan,24.3333,377.6667
12.771,,,0,nan,24.0000,378.0000
12.791,,,0,nan,24.0000,378.0000
12.812,,,0,nan,24.0000,378.0000
12.831,,,0,nan,24.0000,378.0000
12.851,,,0,nan,24.0000,378.0000
12.871,,,0,nan,24.0000,378.0000
12.890,,,0,nan,24.0000,378.0000
12.910,,,0,nan,24.0000,378.0000
12.931,,,0,nan,24.0000,378.0000
12.950,,,0,nan,24.0000,378.0000
12.970,,,0,nan,24.0000,378.0000
12.990,,,0,nan,24.0000,378.0000
13.009,,,0,nan,24.0000,378.0000
13.029,,,0,nan,24.0000,378.0000
13.050,,,0,nan,24.0000,378.0000
13.069,,,0,nan,24.0000,378.0000
13.089,,,0,nan,24.0000,378.0000
13.109,,,0,nan,24.0000,378.0000
13.128,,,0,nan,24.0000,378.0000
13.148,,,0,nan,24.0000,378.0000
13.169,,,0,nan,24.0000,378.0000
13.188,,,0,nan,24.0000,378.0000
13.208,,,0,nan,24.0000,378.0000
13.228,,,0,nan,24.0000,378.0000
13.247,,,0,nan,24.0000,378.0000
13.267,,,0,nan,24.0000,378.0000
13.287,,,0,nan,24.0000,378.0000
13.307,,,0,nan,24.0000,378.0000
13.327,,,0,nan,24.0000,378.0000
13.347,,,0,nan,24.0000,378.0000
13.366,,,0,nan,24.0000,378.0000
13.386,,,0,nan,24.0000,378.0000
13.406,,,0,nan,24.0000,378.0000
13.426,,,0,nan,24.0000,378.0000
13.446,,,0,nan,24.0000,378.0000
13.466,,,0,nan,24.0000,378.0000
13.485,,,0,nan,24.0000,378.0000
13.505,,,0,nan,24.0000,378.0000
13.525,,,0,nan,24.0000,378.0000
13.545,,,0,nan,24.0000,378.0000
13.565,,,0,nan,24.0000,378.0000
13.585,,,0,nan,24.0000,378.0000
13.604,,,0,nan,24.0000,378.0000
13.624,,,0,nan,24.0000,378.0000
13.644,,,0,nan,24.0000,378.0000
13.663,,,0,nan,24.0000,378.0000
13.684,,,0,nan,24.0000,378.0000
13.704,,,0,nan,24.0000,378.0000
13.723,,,0,nan,24.0000,378.0000
13.743,,,0,nan,24.0000,378.0000
13.763,,,0,nan,24.0000,378.0000
13.782,,,0,nan,24.0000,378.0000
13.803,,,0,nan,24.0000,378.0000
13.823,,,0,nan,24.0000,378.0000
13.842,,,0,nan,24.0000,378.0000
13.862,,,0,nan,24.0000,378.0000
13.882,,,0,nan,24.0000,378.0000
13.901,,,0,nan,24.0000,378.0000
14.834,,,0,nan,24.0000,378.0000
14.853,,,0,nan,24.0000,378.0000
14.874,,,0,nan,22.3333,379.6667
14.894,,,0,nan,21.0000,380.6667
14.913,,,0,nan,20.0000,382.0000
14.933,1.03,63.3,0,nan,19.0000,383.0000
14.953,1.37,64.0,0,nan,17.3333,384.6667
14.972,1.37,64.0,0,nan,17.3333,384.6667
14.993,1.37,64.0,0,nan,16.6667,385.0000
15.013,2.37,66.0,38.6667,90.3333,16.0000,385.6667
15.032,2.37,66.0,39.3333,81.3333,16.0000,386.0000
15.052,2.03,65.3,35.3333,74.3333,16.3333,385.6667
15.072,1.70,64.7,27.0000,69.5000,16.3333,385.6667
15.091,1.37,64.0,0,nan,16.3333,385.6667
15.112,1.37,64.0,0,nan,20.6667,385.3333
15.132,1.70,64.7,27.6667,59.5000,20.6667,385.3333
15.151,2.70,66.7,41.3333,58.0000,20.3333,385.3333
15.171,3.70,68.7,48.3333,56.8333,20.3333,385.3333
15.191,4.70,70.7,53.0000,55.5000,20.0000,385.3333
15.210,6.70,74.7,3.3333,80.6667,20.0000,385.3333
15.231,7.70,76.7,59.0000,52.8333,20.0000,385.3333
15.251,8.70,78.7,2.6667,80.6667,19.6667,385.3333
15.270,9.37,80.0,2.3333,80.8333,19.6667,385.3333
15.290,10.03,81.3,2.3333,80.8333,20.0000,385.3333
15.310,10.37,82.0,2.3333,80.8333,20.0000,385.3333
15.329,11.03,83.3,2.0000,81.3333,20.0000,385.3333
15.350,11.03,83.3,2.0000,81.6667,20.0000,385.3333
15.370,11.37,84.0,2.0000,82.0000,20.0000,385.3333
15.389,11.03,83.3,2.0000,82.3333,20.0000,385.3333
15.409,11.03,83.3,2.0000,82.6667,20.0000,385.3333
15.429,10.70,82.7,2.3333,83.5000,20.0000,385.3333
15.448,10.37,82.0,2.3333,83.8333,20.0000,385.3333
15.469,10.03,81.3,2.3333,84.1667,20.3333,385.3333
15.489,9.70,80.7,2.3333,84.5000,20.3333,385.3333
15.508,9.37,80.0,2.3333,84.8333,20.3333,385.3333
15.528,8.37,78.0,2.6667,85.3333,20.3333,385.3333
15.548,8.03,77.3,61.3333,56.0000,20.3333,385.3333
15.567,7.70,76.7,2.6667,85.3333,20.3333,385.3333
15.588,7.37,76.0,60.6667,56.6667,20.3333,385.3333
15.608,7.03,75.3,60.0000,57.0000,20.3333,385.3333
15.627,6.70,74.7,59.6667,57.1667,20.3333,385.3333
15.647,6.37,74.0,58.6667,57.3333,20.6667,385.3333
15.667,6.03,73.3,58.3333,57.5000,20.6667,385.3333
15.686,6.03,73.3,58.0000,57.6667,20.6667,385.3333
15.707,5.70,72.7,57.6667,57.8333,20.6667,385.3333
15.727,5.70,72.7,57.6667,57.8333,20.6667,385.3333
15.746,5.70,72.7,57.3333,58.0000,20.6667,385.3333
15.766,5.70,72.7,57.3333,58.0000,20.6667,385.3333
15.786,5.70,72.7,57.0000,58.1667,20.6667,385.3333
15.805,5.70,72.7,57.0000,58.1667,20.6667,385.3333
15.826,5.70,72.7,57.0000,58.1667,20.6667,385.3333
15.846,5.70,72.7,57.3333,58.3333,20.6667,385.3333
15.865,5.70,72.7,57.3333,58.3333,20.6667,385.3333
15.885,5.70,72.7,57.3333,58.3333,20.6667,385.3333
15.905,5.70,72.7,57.0000,58.5000,20.6667,385.3333
15.924,5.70,72.7,57.0000,58.5000,20.6667,385.3333
15.945,5.70,72.7,56.6667,58.3333,20.6667,385.3333
15.965,5.37,72.0,56.6667,58.3333,20.6667,385.3333
15.984,5.37,72.0,56.6667,58.3333,20.6667,385.3333
16.004,5.37,72.0,56.6667,58.3333,20.6667,385.3333
16.024,5.37,72.0,56.6667,58.3333,20.6667,385.3333
16.043,5.37,72.0,56.6667,58.3333,20.6667,385.3333
16.063,5.37,72.0,56.6667,58.3333,20.6667,385.3333
16.084,5.37,72.0,56.6667,58.3333,20.6667,385.3333
16.103,5.37,72.0,56.6667,58.3333,20.6667,385.3333
16.123,5.37,72.0,56.3333,58.1667,20.6667,385.3333
16.143,5.37,72.0,56.3333,58.1667,20.6667,385.3333
16.162,5.37,72.0,56.3333,58.1667,20.6667,385.3333
16.182,5.37,72.0,56.6667,58.3333,20.6667,385.3333
16.203,5.37,72.0,56.6667,58.3333,20.6667,385.3333
16.222,5.37,72.0,56.6667,58.3333,20.6667,385.3333
16.242,5.37,72.0,56.6667,58.3333,20.6667,385.3333
16.262,5.37,72.0,56.6667,58.3333,20.6667,385.3333
16.281,5.37,72.0,56.6667,58.3333,20.6667,385.3333
16.301,5.37,72.0,56.6667,58.3333,20.6667,385.3333
16.322,5.37,72.0,56.6667,58.3333,20.6667,385.3333
16.341,5.37,72.0,56.6667,58.3333,20.6667,385.3333
16.361,5.37,72.0,56.6667,58.3333,20.6667,385.3333
16.381,4.70,70.7,53.6667,58.5000,21.0000,385.0000
16.400,3.37,68.0,46.3333,58.8333,15.3333,384.3333
16.420,2.03,65.3,31.6667,59.5000,17.3333,383.3333
16.441,,,0,nan,19.6667,382.3333
16.460,,,0,nan,21.6667,380.3333
16.480,,,0,nan,22.3333,379.6667
16.500,,,0,nan,23.0000,378.6667
16.519,,,0,nan,23.6667,378.3333
16.539,,,0,nan,24.0000,378.0000
16.560,,,0,nan,24.6667,377.3333
16.579,,,0,nan,24.6667,377.3333
16.599,,,0,nan,24.6667,377.3333
16.619,,,0,nan,24.3333,377.6667
16.638,,,0,nan,24.3333,377.6667
16.658,,,0,nan,24.3333,377.6667
16.679,,,0,nan,24.3333,377.6667
16.698,,,0,nan,24.3333,377.6667
16.718,,,0,nan,24.0000,378.0000
16.738,,,0,nan,24.0000,378.0000
16.757,,,0,nan,24.0000,378.0000
16.777,,,0,nan,24.0000,378.0000
16.798,,,0,nan,24.0000,378.0000
16.817,,,0,nan,24.0000,378.0000
16.837,,,0,nan,24.0000,378.0000
16.857,,,0,nan,24.0000,378.0000
16.876,,,0,nan,24.0000,378.0000
16.896,,,0,nan,24.0000,378.0000
16.917,,,0,nan,24.0000,378.0000
16.936,,,0,nan,24.0000,378.0000
16.956,,,0,nan,24.0000,378.0000
16.976,,,0,nan,24.0000,378.0000
16.995,,,0,nan,24.0000,378.0000
17.015,,,0,nan,24.0000,378.0000
17.036,,,0,nan,24.0000,378.0000
17.055,,,0,nan,24.0000,378.0000
17.075,,,0,nan,24.0000,378.0000
17.095,,,0,nan,24.0000,378.0000
17.114,,,0,nan,24.0000,378.0000
17.134,,,0,nan,24.0000,378.0000
17.155,,,0,nan,24.0000,378.0000
17.174,,,0,nan,24.0000,378.0000
17.194,,,0,nan,24.0000,378.0000
17.214,,,0,nan,24.0000,378.0000
17.233,,,0,nan,24.0000,378.0000
17.253,,,0,nan,24.0000,378.0000
17.274,,,0,nan,24.0000,378.0000
17.293,,,0,nan,24.0000,378.0000
17.313,,,0,nan,24.0000,378.0000
17.333,,,0,nan,24.0000,378.0000
17.352,,,0,nan,24.0000,378.0000
17.372,,,0,nan,24.0000,378.0000
17.393,,,0,nan,24.0000,378.0000
17.412,,,0,nan,24.0000,378.0000
17.432,,,0,nan,24.0000,378.0000
17.452,,,0,nan,24.0000,378.0000
17.471,,,0,nan,24.0000,378.0000
17.491,,,0,nan,24.0000,378.0000
17.512,,,0,nan,24.0000,378.0000
17.531,,,0,nan,24.0000,378.0000
17.551,,,0,nan,24.0000,378.0000
17.571,,,0,nan,24.0000,378.0000
17.590,,,0,nan,24.0000,378.0000
17.610,,,0,nan,24.0000,378.0000
17.631,,,0,nan,24.0000,378.0000
17.650,,,0,nan,24.0000,378.0000
17.670,,,0,nan,24.0000,378.0000
17.690,,,0,nan,24.0000,378.0000
17.709,,,0,nan,24.0000,378.0000
17.729,,,0,nan,24.0000,378.0000
17.750,,,0,nan,24.0000,378.0000
17.769,,,0,nan,24.0000,378.0000
17.789,,,0,nan,24.0000,378.0000
17.809,,,0,nan,24.0000,378.0000
17.828,,,0,nan,24.0000,378.0000
17.848,,,0,nan,24.0000,378.0000
